,City,Lat,Lng,Max Temp,Humidity,Cloudiness,Wind Speed,Country,Date
0,Karrāpur,23.95,78.85,87.49,20,17,9.93,IN,1651352930
1,Severo-Kuril'sk,50.6789,156.125,35.17,79,100,9.53,RU,1651352930
2,Ushuaia,-54.8,-68.3,40.66,75,0,0.0,AR,1651352864
3,New Norfolk,-42.7826,147.0587,56.91,69,100,7.0,AU,1651352931
4,Rikitea,-23.1203,-134.9692,76.03,75,52,10.67,PF,1651352932
5,Arraial do Cabo,-22.9661,-42.0278,75.06,83,75,2.3,BR,1651352933
6,George Town,5.4112,100.3354,82.33,89,20,0.0,MY,1651352594
7,Busselton,-33.65,115.3333,54.88,87,0,5.48,AU,1651352933
8,Mataura,-46.1927,168.8643,63.48,83,100,3.94,NZ,1651352934
9,Port Alfred,-33.5906,26.891,57.18,84,1,4.0,ZA,1651352934
10,Porto-Novo,6.4965,2.6036,80.69,79,64,6.2,BJ,1651352935
11,Tornio,65.8481,24.1466,26.62,86,67,4.14,FI,1651352936
12,Port-Gentil,-0.7193,8.7815,81.81,80,99,13.22,GA,1651352936
13,Mutoko,-17.397,32.2268,58.96,58,0,2.91,ZW,1651352937
14,Ancud,-41.8697,-73.8203,50.85,85,100,6.64,CL,1651352937
15,Ponta Delgada,37.7333,-25.6667,67.5,88,20,6.91,PT,1651352938
16,Yulara,-25.2406,130.9889,59.83,51,100,13.51,AU,1651352938
17,Saint Paul Harbor,57.79,-152.4072,40.51,87,100,27.63,US,1651352939
18,Egvekinot,66.3167,-179.1667,15.64,79,100,11.1,RU,1651352940
19,Bluff,-46.6,168.3333,63.81,64,100,11.83,NZ,1651352940
20,Saldanha,-33.0117,17.9442,58.69,88,8,12.37,ZA,1651352941
21,Talnakh,69.4865,88.3972,18.21,97,100,9.19,RU,1651352941
22,Cidreira,-30.1811,-50.2056,65.91,71,100,11.68,BR,1651352942
23,São Filipe,14.8961,-24.4956,72.07,77,85,9.08,CV,1651352942
24,Clyde River,70.4692,-68.5914,16.03,92,100,4.61,CA,1651352943
25,Santander,43.4647,-3.8044,57.45,91,20,2.3,ES,1651352943
26,Fortuna,40.5982,-124.1573,56.93,84,100,8.05,US,1651352944
27,Longyearbyen,78.2186,15.6401,10.24,67,0,4.61,SJ,1651352944
28,Albany,42.6001,-73.9662,63.41,25,90,1.99,US,1651352945
29,Pangkalanbuun,-2.6833,111.6167,75.27,97,100,1.83,ID,1651352946
30,Chokurdakh,70.6333,147.9167,15.03,93,43,7.85,RU,1651352946
31,Lorengau,-2.0226,147.2712,81.16,77,100,1.61,PG,1651352947
32,Atuona,-9.8,-139.0333,78.8,76,9,12.57,PF,1651352948
33,Kapaa,22.0752,-159.319,80.58,75,20,17.27,US,1651352948
34,Avarua,-21.2078,-159.775,84.25,74,20,9.22,CK,1651352949
35,Barrow,71.2906,-156.7887,21.22,79,0,5.75,US,1651352663
36,Vostok,46.4856,135.8833,35.26,80,100,3.65,RU,1651352949
37,Río Gallegos,-51.6226,-69.2181,46.45,66,0,1.14,AR,1651352950
38,Maiquetia,10.5962,-66.9548,87.94,89,40,5.75,VE,1651352951
39,Ilulissat,69.2167,-51.1,24.82,50,0,16.11,GL,1651352951
40,Alim,9.5649,122.4876,79.38,80,98,6.11,PH,1651352902
41,Derzhavīnsk,51.1,66.3167,59.74,62,100,9.66,KZ,1651352952
42,Bathsheba,13.2167,-59.5167,83.01,74,20,13.8,BB,1651352953
43,Vestmanna,62.1564,-7.1664,41.92,93,45,3.44,FO,1651352953
44,Torbay,47.6666,-52.7314,44.76,96,100,4.61,CA,1651352954
45,Hermanus,-34.4187,19.2345,58.62,86,63,3.53,ZA,1651352955
46,Gönen,40.1049,27.654,58.01,54,100,8.41,TR,1651352955
47,Ostrovnoy,68.0531,39.5131,16.95,86,93,9.73,RU,1651352956
48,Khatanga,71.9667,102.5,1.89,100,93,7.7,RU,1651352957
49,Rongcheng,30.634,117.8517,52.07,97,100,0.36,CN,1651352957
50,Zhangjiakou Shi Xuanhua Qu,40.6103,115.0447,48.97,26,4,8.23,CN,1651352723
51,Saint-Philippe,-21.3585,55.7679,76.59,78,9,10.87,RE,1651352958
52,San Cristobal,7.7669,-72.225,77.18,85,99,5.84,VE,1651352959
53,Hobart,-42.8794,147.3294,57.25,64,75,8.05,AU,1651352883
54,La Orilla,17.9833,-102.2333,83.53,52,45,11.27,MX,1651352960
55,Idenao,4.2475,9.0047,78.64,89,71,1.83,CM,1651352712
56,Pevek,69.7008,170.3133,4.48,96,97,5.77,RU,1651352961
57,Ucluelet,48.9329,-125.5528,56.08,82,75,1.99,CA,1651352962
58,Chara,56.9064,118.2631,31.32,87,100,2.77,RU,1651352962
59,Hualmay,-11.0964,-77.6139,70.18,77,72,10.38,PE,1651352963
60,Hilo,19.7297,-155.09,79.29,82,100,5.75,US,1651352964
61,Shingū,33.7333,135.9833,59.65,84,100,6.26,JP,1651352964
62,Cape Town,-33.9258,18.4232,59.92,79,74,4.0,ZA,1651352938
63,Kjøllefjord,70.9457,27.3465,28.45,65,100,16.31,NO,1651352965
64,Port Hardy,50.6996,-127.4199,52.27,65,30,1.68,CA,1651352966
65,Punta Arenas,-53.15,-70.9167,42.12,81,78,5.66,CL,1651352679
66,Jamestown,42.097,-79.2353,67.51,18,0,5.75,US,1651352966
67,Bud,39.447,-86.1758,78.82,58,100,15.39,US,1651352967
68,Airai,-8.9266,125.4092,59.61,83,82,3.09,TL,1651352968
69,Poum,-20.2333,164.0167,75.99,77,1,5.99,NC,1651352968
70,San Juan,-31.5375,-68.5364,67.66,27,0,12.28,AR,1651352516
71,Coromandel,-18.4733,-47.2003,72.75,46,77,2.59,BR,1651352969
72,Houma,29.5958,-90.7195,86.0,61,0,9.22,US,1651352970
73,Vardø,70.3705,31.1107,27.28,69,90,16.69,NO,1651352970
74,Klaksvík,62.2266,-6.589,43.72,88,28,8.63,FO,1651352971
75,South Lake Tahoe,38.9332,-119.9844,61.74,36,0,10.0,US,1651352971
76,Plettenberg Bay,-34.0527,23.3716,57.72,77,2,6.85,ZA,1651352972
77,Brae,60.3964,-1.353,45.0,77,90,12.26,GB,1651352972
78,Castro,-24.7911,-50.0119,62.33,92,41,4.21,BR,1651352973
79,Norman Wells,65.282,-126.8329,47.73,64,27,11.27,CA,1651352973
80,Te Anau,-45.4167,167.7167,54.59,91,100,8.97,NZ,1651352974
81,Tuktoyaktuk,69.4541,-133.0374,32.99,95,32,6.71,CA,1651352974
82,Puerto Ayora,-0.7393,-90.3518,80.56,79,88,8.48,EC,1651352975
83,Bethel,41.3712,-73.414,65.03,34,0,13.8,US,1651352845
84,Kununurra,-15.7667,128.7333,80.58,89,100,4.61,AU,1651352976
85,Kruisfontein,-34.0033,24.7314,53.89,82,6,6.91,ZA,1651352976
86,Butaritari,3.0707,172.7902,80.89,82,82,13.65,KI,1651352977
87,East London,-33.0153,27.9116,62.51,71,0,12.64,ZA,1651352977
88,Durusu,41.3053,28.6767,53.83,93,65,8.99,TR,1651352978
89,Manggar,-2.8833,108.2667,79.23,85,92,2.3,ID,1651352978
90,Bara,10.3744,10.7288,86.23,45,94,0.63,NG,1651352979
91,Port Hedland,-20.3167,118.5667,69.85,73,40,6.91,AU,1651352979
92,Husavik,66.0449,-17.3389,49.42,60,100,7.09,IS,1651352980
93,Mar del Plata,-38.0023,-57.5575,54.88,61,0,8.01,AR,1651352862
94,Aklavik,68.2191,-135.0107,36.18,100,97,11.68,CA,1651352981
95,Shenjiamen,29.9576,122.298,55.2,80,100,16.49,CN,1651352981
96,Kathu,7.9178,98.3332,87.69,99,70,6.02,TH,1651352982
97,Bandar-e Anzali,37.4727,49.4622,59.67,87,100,1.59,IR,1651352982
98,Qaanaaq,77.484,-69.3632,14.74,76,80,2.57,GL,1651352983
99,Sur,22.5667,59.5289,88.48,53,93,1.63,OM,1651352983
100,Hofn,64.2539,-15.2082,47.5,83,15,7.18,IS,1651352984
101,Charters Towers,-20.1,146.2667,67.24,80,0,7.18,AU,1651352984
102,Lebyazh'ye,55.2689,66.4947,41.18,45,100,10.4,RU,1651352985
103,Griffith,41.5284,-87.4237,73.26,65,100,19.57,US,1651352985
104,Gubkinskiy,64.434,76.5026,26.04,83,54,20.4,RU,1651352986
105,Kyabé,9.4515,18.9449,88.83,40,97,2.95,TD,1651352986
106,Lebu,-37.6167,-73.65,52.81,70,2,15.41,CL,1651352987
107,Richards Bay,-28.783,32.0377,64.96,80,6,9.1,ZA,1651352987
108,Mahébourg,-20.4081,57.7,74.25,77,38,10.27,MU,1651352988
109,Ribeira Grande,38.5167,-28.7,63.05,80,66,7.27,PT,1651352988
110,Naviraí,-23.065,-54.1906,75.78,72,69,5.53,BR,1651352989
111,Severnoye,56.3491,78.3619,39.51,75,100,13.73,RU,1651352990
112,Chernyshevskiy,63.0128,112.4714,22.28,95,48,4.0,RU,1651352990
113,Bredasdorp,-34.5322,20.0403,55.72,87,34,5.39,ZA,1651352991
114,Rāyagada,19.1667,83.4167,79.75,79,67,3.69,IN,1651352991
115,Kiunga,-6.1219,141.2906,74.25,93,100,0.67,PG,1651352992
116,Carauari,-4.8828,-66.8958,80.94,92,76,1.39,BR,1651352992
117,Half Moon Bay,37.4636,-122.4286,75.06,74,100,23.02,US,1651352993
118,Nikolskoye,59.7035,30.7861,39.79,72,100,6.96,RU,1651352993
119,Ponta do Sol,32.6667,-17.1,67.01,67,0,2.53,PT,1651352994
120,Yellowknife,62.456,-114.3525,35.56,51,38,8.99,CA,1651352994
121,Martapura,-3.4167,114.85,75.29,100,95,2.3,ID,1651352995
122,Vaini,-21.2,-175.2,78.96,94,75,12.66,TO,1651352996
123,Quaraí,-30.3875,-56.4514,57.2,78,100,12.82,BR,1651352996
124,Angoche,-16.2325,39.9086,72.5,89,13,7.29,MZ,1651352997
125,Puerto Quijarro,-17.7833,-57.7667,91.24,30,72,3.49,BO,1651352997
126,Mount Gambier,-37.8333,140.7667,57.11,94,100,11.5,AU,1651352998
127,Dikson,73.5069,80.5464,17.49,94,100,19.01,RU,1651352998
128,Shahrud,36.4182,54.9763,57.49,73,100,11.63,IR,1651352999
129,Kushiro,42.975,144.3747,41.13,56,100,3.58,JP,1651353000
130,Mossamedes,-15.1961,12.1522,74.82,82,31,5.23,AO,1651353001
131,Port Elizabeth,-33.918,25.5701,61.32,74,5,11.99,ZA,1651353001
132,Kysyl-Syr,63.8986,122.7617,33.44,98,100,10.8,RU,1651353002
133,Granada,37.25,-3.25,61.45,41,39,2.35,ES,1651353003
134,Saint-Augustin,51.226,-58.6502,38.59,87,100,15.9,CA,1651353003
135,Esim,4.8699,-2.2405,80.74,85,100,6.15,GH,1651353004
136,Beringovskiy,63.05,179.3167,24.75,91,100,19.17,RU,1651353005
137,Darhan,49.4867,105.9228,49.42,46,76,4.56,MN,1651353005
138,Tuatapere,-46.1333,167.6833,57.51,81,100,10.83,NZ,1651353006
139,Sladkovo,55.5284,70.3385,41.09,55,100,10.25,RU,1651353006
140,Kahului,20.8947,-156.47,80.62,68,40,16.11,US,1651352849
141,Lingao,19.9103,109.6859,75.42,95,100,7.52,CN,1651353007
142,Emerald,-23.5333,148.1667,62.35,85,55,3.44,AU,1651352783
143,Lampang,18.3333,99.5,79.86,87,100,1.28,TH,1651353008
144,Ingham,42.6,-84.3833,59.16,54,75,11.5,US,1651353009
145,Kawalu,-7.3817,108.2082,72.05,95,99,2.77,ID,1651353009
146,Āsosa,10.0667,34.5333,70.09,55,89,0.96,ET,1651353010
147,Sinnamary,5.3833,-52.95,80.53,76,59,9.1,GF,1651353011
148,Province of Mantua,45.1667,10.7833,61.84,69,87,1.14,IT,1651353011
149,Luanda,-8.8368,13.2343,78.8,83,20,6.91,AO,1651352895
150,Chui,-33.6971,-53.4616,55.44,70,100,3.78,UY,1651353012
151,Diamantino,-14.4086,-56.4461,82.36,49,78,4.21,BR,1651353013
152,São Miguel do Araguaia,-13.275,-50.1628,79.34,48,4,3.98,BR,1651353013
153,Lüderitz,-26.6481,15.1594,59.59,58,0,13.96,NA,1651353014
154,Arrondissement de Muret,43.3333,1.25,62.04,89,90,1.99,FR,1651353015
155,Hearst,49.6835,-83.6665,56.77,59,95,7.47,CA,1651353015
156,Manavgat,36.7867,31.4431,67.78,58,99,4.09,TR,1651352841
157,Palimbang,6.2106,124.1894,77.65,87,36,3.62,PH,1651353016
158,Pangnirtung,66.1451,-65.7125,25.92,92,100,4.5,CA,1651353017
159,Iskateley,67.6803,53.1512,14.25,95,93,8.41,RU,1651353017
160,Cayenne,4.9333,-52.3333,83.08,24,75,10.36,GF,1651353018
161,Newport,51.5877,-2.9984,54.25,66,100,5.99,GB,1651352957
162,Saint George,37.1041,-113.5841,83.62,11,0,6.91,US,1651353019
163,Yaya,56.206,86.44,48.42,86,100,12.44,RU,1651353019
164,Hervey Bay,-25.2986,152.8535,67.01,96,91,8.01,AU,1651353020
165,Marawi,7.9986,124.2928,67.46,95,50,1.21,PH,1651353021
166,Toba,34.4833,136.85,63.09,78,100,3.0,JP,1651353022
167,Cherskiy,68.75,161.3,14.11,90,85,5.93,RU,1651353022
168,Mezen',65.8522,44.24,18.57,96,45,4.32,RU,1651353023
169,Camocim,-2.9022,-40.8411,77.94,88,43,7.11,BR,1651353024
170,Codrington,-38.2667,141.9667,57.24,85,99,12.84,AU,1651353024
171,Coruripe,-10.1256,-36.1756,76.84,78,100,7.92,BR,1651353025
172,Ţahţā,26.7693,31.5021,81.48,17,0,10.96,EG,1651353026
173,Hamilton,39.1834,-84.5333,74.25,70,0,13.8,US,1651352998
174,La Grande,45.3246,-118.0877,52.74,67,100,9.44,US,1651353027
175,Esperance,-33.8667,121.9,58.12,67,0,6.6,AU,1651353027
176,Mareeba,-17.0,145.4333,69.44,92,82,1.68,AU,1651353028
177,Pingliang,35.5392,106.6861,43.38,26,100,6.44,CN,1651353028
178,Bilibino,68.0546,166.4372,10.49,88,57,2.37,RU,1651353029
179,Dongsheng,39.8161,109.9776,42.4,21,0,17.11,CN,1651353030
180,Broken Hill,-31.95,141.4333,53.42,68,0,2.37,AU,1651353030
181,Port Lincoln,-34.7333,135.8667,58.24,85,16,8.28,AU,1651353031
182,Laguna,38.421,-121.4238,83.14,38,20,5.01,US,1651353031
183,Saskylakh,71.9167,114.0833,9.79,91,100,16.91,RU,1651353032
184,Mujiayingzi,42.1167,118.7833,44.76,28,98,10.54,CN,1651353032
185,Trojes,41.756,19.962,52.29,85,11,4.5,AL,1651353033
186,Flinders,-34.5833,150.8552,55.06,81,0,3.0,AU,1651353034
187,Faanui,-16.4833,-151.75,81.21,72,8,14.97,PF,1651353034
188,Ygatimi,-24.0833,-55.5,80.47,66,19,4.9,PY,1651353035
189,Riyadh,24.6877,46.7219,75.34,26,0,5.91,SA,1651352826
190,Lata,40.1629,-8.3327,54.57,82,0,2.17,PT,1651353035
191,Yurginskoye,56.8189,67.3921,37.24,54,100,5.57,RU,1651353036
192,Caravelas,-17.7125,-39.2481,74.88,78,1,4.85,BR,1651353037
193,Ternate,0.8,127.4,79.83,80,100,1.72,ID,1651353037
194,Makakilo City,21.3469,-158.0858,80.92,60,75,19.57,US,1651353038
195,Buraidah,26.326,43.975,81.25,35,1,11.14,SA,1651353038
196,Rovaniemi,66.5,25.7167,31.41,51,0,3.44,FI,1651353039
197,Andros,37.8333,24.9333,63.16,80,0,23.91,GR,1651353039
198,Yala,6.3333,101.25,80.6,95,100,2.51,TH,1651352752
199,Buala,-8.145,159.5921,80.96,78,100,1.16,SB,1651353040
200,Mahon,39.8885,4.2658,61.36,72,0,2.3,ES,1651352959
201,Uyemskiy,64.4743,40.8524,26.65,100,40,2.24,RU,1651353041
202,Koźle,50.3356,18.1433,54.45,62,94,3.69,PL,1651353043
203,Mackay,-21.15,149.2,68.68,89,9,11.39,AU,1651352952
204,Vao,-22.6667,167.4833,75.06,83,71,23.67,NC,1651353043
205,Bengkulu,-3.8004,102.2655,75.72,90,91,5.59,ID,1651353044
206,Lokosovo,61.1333,74.8167,21.87,88,5,5.17,RU,1651353044
207,Sungai Raya,0.7,108.9,78.22,87,100,3.94,ID,1651353045
208,Lakes Entrance,-37.8811,147.981,47.16,71,68,9.04,AU,1651353045
209,Rundu,-17.9333,19.7667,68.32,44,43,5.41,NA,1651353046
210,Manzhouli,49.6,117.4333,35.69,38,100,3.09,CN,1651353047
211,Calabozo,8.9242,-67.4293,78.75,81,100,6.46,VE,1651353047
212,Kaifeng,34.7911,114.3483,50.88,55,100,8.12,CN,1651353048
213,Tiksi,71.6872,128.8694,34.2,91,100,16.11,RU,1651353048
214,Provideniya,64.3833,-173.3,31.59,89,100,16.17,RU,1651353049
215,Thompson,55.7435,-97.8558,35.38,97,100,9.01,CA,1651353049
216,Boksitogorsk,59.474,33.8485,26.6,75,99,5.01,RU,1651353050
217,Russell,32.3502,-85.1999,85.15,45,20,9.22,US,1651353050
218,Sambava,-14.2667,50.1667,75.15,90,22,8.57,MG,1651353051
219,Itarema,-2.9248,-39.9167,77.43,90,11,7.96,BR,1651353051
220,Portland,45.5234,-122.6762,57.18,82,100,5.75,US,1651352547
221,Upernavik,72.7868,-56.1549,16.66,73,53,1.88,GL,1651353052
222,Guerrero Negro,27.9769,-114.0611,68.63,57,71,15.7,MX,1651353053
223,Malatya Province,38.5,38.0,57.25,55,75,8.05,TR,1651353053
224,Moranbah,-22.0016,148.0466,65.32,88,22,7.96,AU,1651353054
225,Mbaïki,3.8678,17.9892,74.12,72,76,1.45,CF,1651353054
226,Kingsport,36.5484,-82.5618,80.1,43,40,5.75,US,1651353013
227,Necochea,-38.5473,-58.7368,53.42,49,7,6.98,AR,1651353055
228,Namatanai,-3.6667,152.4333,79.75,81,83,2.84,PG,1651353056
229,Yangi Marg`ilon,40.4272,71.7189,66.92,59,33,4.61,UZ,1651353056
230,Verkh-Usugli,52.7,115.1667,34.83,89,80,1.74,RU,1651353057
231,Kisangani,0.5167,25.2,69.6,98,96,2.19,CD,1651353057
232,Zhangaözen,43.3,52.8,60.76,68,88,4.21,KZ,1651353058
233,Cap Malheureux,-19.9842,57.6142,74.46,82,5,1.01,MU,1651353058
234,San Patricio,28.017,-97.5169,88.52,59,75,16.35,US,1651353059
235,Yayva,59.3303,57.2641,31.17,74,95,5.57,RU,1651353059
236,Chilca,-12.5211,-76.7372,68.05,83,53,7.92,PE,1651353060
237,Chicama,-7.8447,-79.1469,63.14,64,45,10.09,PE,1651353060
238,Tasiilaq,65.6145,-37.6368,37.56,69,14,1.05,GL,1651353061
239,Lagoa,39.05,-27.9833,60.76,87,0,10.11,PT,1651353061
240,Xai-Xai,-25.0519,33.6442,72.36,79,89,19.04,MZ,1651353064
241,Lesnoy,57.6198,63.0784,33.87,58,9,5.93,RU,1651353064
242,São João da Barra,-21.6403,-41.0511,77.09,82,26,8.39,BR,1651353065
243,Abu Samrah,35.3029,37.1841,63.79,75,6,14.61,SY,1651353066
244,Kaitangata,-46.2817,169.8464,53.55,77,99,4.14,NZ,1651353066
245,Kuril'sk,45.2333,147.8833,32.95,85,54,9.1,RU,1651353067
246,Nome,64.5011,-165.4064,50.07,40,0,6.91,US,1651353068
247,Kieta,-6.2167,155.6333,80.38,79,100,2.21,PG,1651353068
248,Ossora,59.2353,163.0719,28.33,85,42,3.53,RU,1651353069
249,Oudtshoorn,-33.5907,22.2014,55.33,78,5,2.53,ZA,1651353069
250,Okahandja,-21.9833,16.9167,61.97,40,1,6.53,NA,1651353070
251,Olafsvik,64.8945,-23.7142,44.62,86,98,14.92,IS,1651353070
252,Kiryat Gat,31.61,34.7642,66.4,100,0,10.76,IL,1651352884
253,Constitución,-35.3333,-72.4167,58.59,58,3,13.71,CL,1651352985
254,Viedma,-40.8135,-62.9967,57.61,34,87,9.22,AR,1651353071
255,Yaan,7.3833,8.5667,83.86,61,100,8.59,NG,1651353072
256,Chiltepec,18.4847,-96.9019,88.61,55,73,2.89,MX,1651353073
257,Broome,42.2506,-75.833,61.32,26,0,11.5,US,1651353073
258,Rio Grande,-32.035,-52.0986,61.95,70,10,6.73,BR,1651353074
259,Christchurch,-43.5333,172.6333,61.48,85,27,3.44,NZ,1651352792
260,Bay Roberts,47.5999,-53.2648,45.52,94,100,4.09,CA,1651353075
261,Nemuro,43.3236,145.575,38.26,58,95,2.44,JP,1651353075
262,Tual,-5.6667,132.75,83.88,73,84,15.12,ID,1651353076
263,Katherine,-14.4667,132.2667,75.52,60,64,8.05,AU,1651353077
264,San Francisco,37.7749,-122.4194,76.32,74,75,23.02,US,1651352964
265,Calvinia,-31.4707,19.776,56.55,40,41,4.41,ZA,1651353077
266,Dubbo,-32.25,148.6167,44.73,93,4,8.05,AU,1651352891
267,Springdale,36.1867,-94.1288,73.58,50,0,18.41,US,1651352909
268,Nam Som,17.7704,102.1895,80.2,73,100,2.57,TH,1651353078
269,Salalah,17.0151,54.0924,86.09,79,40,4.61,OM,1651353079
270,Nouadhibou,20.931,-17.0347,64.98,87,99,24.72,MR,1651353080
271,Adelaide,-34.9333,138.6,56.43,77,50,1.99,AU,1651353080
272,Marzuq,14.4,46.4667,75.99,58,42,3.89,YE,1651353081
273,Yantzaza,-3.8278,-78.7594,67.41,99,100,1.07,EC,1651353081
274,Beyneu,45.3167,55.2,63.82,74,41,8.88,KZ,1651353082
275,Tessalit,20.1986,1.0114,84.38,9,0,8.5,ML,1651353082
276,Comodoro Rivadavia,-45.8667,-67.5,49.86,66,20,10.36,AR,1651353083
277,Honiara,-9.4333,159.95,80.33,83,82,1.74,SB,1651353084
278,Narsaq,60.9167,-46.05,55.62,63,34,2.48,GL,1651353084
279,Sept-Îles,50.2001,-66.3821,45.05,65,93,8.01,CA,1651353085
280,Tonekābon,36.8163,50.8738,62.55,95,100,3.65,IR,1651353086
281,Geraldton,-28.7667,114.6,54.01,76,0,9.22,AU,1651353086
282,Tarancón,40.0085,-3.0073,56.86,75,100,3.02,ES,1651353087
283,Jérémie,18.65,-74.1167,79.9,74,38,4.54,HT,1651353087
284,Bamboo,18.3922,-77.2643,74.17,76,90,9.84,JM,1651353088
285,Hithadhoo,-0.6,73.0833,85.15,68,100,14.61,MV,1651353088
286,Mahajanga,-15.7167,46.3167,78.17,79,0,8.7,MG,1651353089
287,Hanzhong,33.0728,107.0303,50.36,56,100,1.52,CN,1651353089
288,Valdivia,-39.8142,-73.2459,57.29,77,73,1.79,CL,1651353090
289,Praia,14.9215,-23.5087,72.14,73,20,13.8,CV,1651353090
290,Adrar,20.5022,-10.0711,81.91,10,0,7.9,MR,1651353091
291,Mandurah,-32.55,115.7,57.42,76,0,7.74,AU,1651353092
292,Camacha,33.0833,-16.3333,60.22,82,40,12.66,PT,1651353092
293,Gijang,35.2442,129.2139,53.33,76,100,5.37,KR,1651353093
294,Rapid Valley,44.0625,-103.1463,56.77,46,40,33.38,US,1651353093
295,Ulaangom,49.9811,92.0667,50.36,30,100,2.3,MN,1651353094
296,Paita,-5.0892,-81.1144,74.23,70,80,13.11,PE,1651353095
297,Ilhabela,-23.7781,-45.3581,70.68,86,100,5.48,BR,1651353095
298,Verkhnetulomskiy,68.6073,31.7962,23.13,94,33,2.64,RU,1651353096
299,Maumere,-8.6199,122.2111,79.84,82,91,3.76,ID,1651353096
300,Morón,-34.6534,-58.6198,57.96,54,97,0.81,AR,1651353097
301,Enugu,6.4402,7.4943,79.38,78,100,4.74,NG,1651353097
302,Yerbogachën,61.2767,108.0108,32.54,96,100,2.73,RU,1651353098
303,Carnarvon,-24.8667,113.6333,60.87,63,0,8.05,AU,1651353067
304,Emporia,38.4039,-96.1817,66.4,42,75,25.32,US,1651353099
305,Caucaia,-3.7361,-38.6531,83.03,71,20,8.05,BR,1651352968
306,Valentín Gómez Farías,28.2167,-106.5833,82.54,6,27,8.16,MX,1651353100
307,Belyy Yar,53.6039,91.3903,40.89,60,0,0.0,RU,1651353100
308,Alyangula,-13.8483,136.4192,81.05,68,61,11.65,AU,1651353101
309,Leh,34.1667,77.5833,42.96,65,91,2.21,IN,1651353027
310,Bandarbeyla,9.4942,50.8122,83.88,74,81,2.93,SO,1651353102
311,Cururupu,-1.8283,-44.8683,75.76,93,91,3.4,BR,1651353102
312,Souillac,-20.5167,57.5167,75.65,80,14,8.37,MU,1651353103
313,Niigata,37.9022,139.0236,46.92,71,100,2.04,JP,1651352998
314,Bambous Virieux,-20.3428,57.7575,74.21,78,48,10.45,MU,1651353103
315,General Roca,-39.0333,-67.5833,64.62,24,2,9.37,AR,1651353104
316,Mandera,3.9366,41.867,80.98,71,96,10.42,KE,1651353104
317,Largu,44.9667,27.15,51.71,68,44,3.47,RO,1651353105
318,Mpika,-11.8343,31.4529,57.99,90,42,2.98,ZM,1651353106
319,Pisco,-13.7,-76.2167,71.65,64,0,21.85,PE,1651353106
320,Freeport,40.6576,-73.5832,69.78,27,0,14.97,US,1651353107
321,Nanortalik,60.1432,-45.2371,37.71,85,98,0.36,GL,1651353107
322,Saint-Pierre,-21.3393,55.4781,76.68,80,100,4.61,RE,1651353108
323,Praia,14.9215,-23.5087,72.14,73,20,13.8,CV,1651353108
324,Cadolzburg,49.4573,10.8533,50.92,82,0,5.75,DE,1651353109
325,Totness,5.8833,-56.3167,81.01,74,96,12.3,SR,1651353109
326,Havre-St-Pierre,50.2334,-63.5986,34.39,92,100,19.82,CA,1651353110
327,Thinadhoo,0.5333,72.9333,85.82,68,69,15.46,MV,1651353111
328,Kaili,-3.4626,120.2147,67.24,96,94,2.75,ID,1651353111
329,Touros,-5.1989,-35.4608,80.4,74,15,15.59,BR,1651353047
330,Nha Trang,12.25,109.1833,75.2,91,100,3.85,VN,1651353112
331,Fianarantsoa,-21.4333,47.0833,60.69,92,91,2.37,MG,1651353112
332,Manakara,-22.1333,48.0167,71.46,89,59,4.36,MG,1651352844
333,Balakhninskiy,58.0106,114.2769,35.83,99,100,1.7,RU,1651353113
334,Leshukonskoye,64.8989,45.7622,20.93,95,74,3.91,RU,1651353114
335,College,64.8569,-147.8028,55.09,33,40,13.8,US,1651353115
336,Asău,46.4333,26.4,42.96,100,71,2.71,RO,1651353115
337,Zhuhai,22.2769,113.5678,76.71,88,40,14.97,CN,1651353116
338,Arrondissement de Limoges,45.75,1.3333,55.96,58,0,6.91,FR,1651352835
339,Tazovsky,67.4667,78.7,13.24,92,61,8.75,RU,1651353117
340,Gladstone,-23.85,151.25,69.78,88,87,4.61,AU,1651353117
341,Tabora,-5.0167,32.8,64.31,86,37,3.2,TZ,1651353118
342,Berdigestyakh,62.0989,126.6992,27.72,84,8,6.26,RU,1651353118
343,Shiraz,29.6036,52.5388,60.24,48,40,4.61,IR,1651353085
344,Toamasina,-18.1667,49.3833,71.4,87,2,3.27,MG,1651353119
345,Chauny,49.6151,3.2186,42.3,86,11,5.64,FR,1651353120
346,Belmonte,-15.8631,-38.8828,76.06,80,16,6.17,BR,1651353121
347,Maxixe,-23.8597,35.3472,66.94,87,3,5.84,MZ,1651353121
348,Novyy Urgal,51.0736,132.5642,31.95,80,73,2.64,RU,1651353122
349,Tonantins,-2.8731,-67.8022,79.93,91,32,2.28,BR,1651353123
350,Dārāb,28.7519,54.5444,66.83,47,0,0.69,IR,1651352841
351,Aitape,-3.1374,142.3475,77.94,84,100,3.89,PG,1651353124
352,Salinópolis,-0.6136,-47.3561,78.01,88,65,8.12,BR,1651353124
353,Dunedin,-45.8742,170.5036,58.8,68,97,5.01,NZ,1651353115
354,Byron Bay,-28.65,153.6167,63.95,89,100,11.72,AU,1651353125
355,Kloulklubed,7.0419,134.2556,82.45,74,97,5.28,PW,1651353126
356,Hirara,24.8,125.2833,75.49,87,100,15.66,JP,1651353126
357,Alice Springs,-23.7,133.8833,56.75,72,40,6.91,AU,1651353127
358,Benghazi,32.1167,20.0667,69.15,53,100,13.8,LY,1651353128
359,Acapulco de Juárez,16.8634,-99.8901,85.82,66,20,10.36,MX,1651352969
360,Maunabo,18.0072,-65.8993,78.64,92,100,4.83,PR,1651353128
361,Husum,54.4858,9.0524,48.09,89,12,6.22,DE,1651353129
362,Katsuura,35.1333,140.3,57.94,74,100,10.33,JP,1651353130
363,Salisbury,51.0693,-1.7957,52.65,78,100,4.59,GB,1651353130
364,Zhanakorgan,43.9098,67.2495,73.17,22,94,3.65,KZ,1651353131
365,Kirakira,-10.4544,161.9205,81.75,78,100,2.21,SB,1651353132
366,Atambua,-9.1061,124.8925,72.57,90,99,4.27,ID,1651353132
367,Doha,25.2867,51.5333,82.38,57,0,4.61,QA,1651353010
368,Mwinilunga,-11.7358,24.4293,65.98,66,98,7.4,ZM,1651353133
369,San Alfonso,7.7803,126.4203,76.05,93,96,2.8,PH,1651353134
370,Mehamn,71.0357,27.8492,29.7,65,98,16.8,NO,1651353134
371,Leiyang,26.4024,112.8591,55.94,96,100,5.46,CN,1651353135
372,Tura,25.5198,90.2201,67.51,92,74,3.89,IN,1651353136
373,Moratuwa,6.773,79.8816,80.76,86,100,7.05,LK,1651353136
374,Ettlingen,48.9409,8.4076,49.71,86,97,0.67,DE,1651353137
375,Henties Bay,-22.116,14.2845,58.77,83,0,8.43,NA,1651353138
376,Kalispell,48.1958,-114.3129,57.78,43,100,5.75,US,1651353050
377,Blagoyevo,63.3667,47.9167,24.06,95,83,3.49,RU,1651353139
378,Havelock,34.8791,-76.9013,73.94,68,92,1.99,US,1651352666
379,Fairbanks,64.8378,-147.7164,55.09,33,0,13.8,US,1651353009
380,Somerville,42.3876,-71.0995,62.01,42,40,13.8,US,1651353076
381,Acaraú,-2.8856,-40.12,78.46,87,18,8.59,BR,1651353140
382,Caucayá,-0.1934,-74.7819,73.89,96,100,2.39,CO,1651353141
383,Bubaque,11.2833,-15.8333,77.23,72,60,12.19,GW,1651353141
384,Khovd,48.0056,91.6419,49.86,26,98,7.72,MN,1651353142
385,Winslow,35.0242,-110.6974,75.38,7,0,3.44,US,1651353143
386,Merauke,-8.4667,140.3333,79.39,86,100,12.77,ID,1651353143
387,Kincardine,56.0667,-3.7167,53.19,95,100,6.98,GB,1651353144
388,Pravda,46.9396,142.009,38.25,58,80,2.98,RU,1651353144
389,Xichang,27.8964,102.2634,46.99,90,100,7.43,CN,1651353145
390,Vagay,57.9375,69.0217,33.94,66,100,4.38,RU,1651353146
391,Malinovoye Ozero,51.6753,79.7825,61.54,29,28,10.45,RU,1651353146
392,Ennis,52.8436,-8.9864,51.73,82,75,6.91,IE,1651353147
393,Kabinda,-6.1333,24.4833,69.24,92,100,1.54,CD,1651353148
394,Isangel,-19.55,169.2667,79.59,87,100,9.64,VU,1651353148
395,Harnai,30.1005,67.9374,83.46,11,0,7.72,PK,1651353149
396,Arman',59.7,150.1667,34.02,69,6,5.5,RU,1651353149
397,Tirumullaivāsal,11.2333,79.8333,84.15,81,71,11.88,IN,1651353150
398,Port Blair,11.6667,92.75,78.84,94,40,2.3,IN,1651353151
399,Brunsbüttel,53.9,9.15,44.83,84,8,6.51,DE,1651353152
400,Susanville,40.4163,-120.653,66.9,35,20,13.0,US,1651353152
401,Kot Samaba,28.5522,70.4684,94.75,8,0,6.85,PK,1651353153
402,Nālūt,30.3333,10.85,73.87,18,100,10.67,LY,1651353153
403,Aksarka,66.5606,67.7975,12.54,93,15,7.02,RU,1651353154
404,Sørland,67.667,12.6934,37.47,67,38,9.57,NO,1651353154
405,Puerto Escondido,15.85,-97.0667,88.63,66,40,9.22,MX,1651353155
406,Itaberaí,-16.0203,-49.8103,74.82,43,63,5.12,BR,1651353155
407,Korla,41.7597,86.1469,57.7,29,5,3.27,CN,1651353156
408,Banjarmasin,-3.3244,114.591,75.34,96,97,3.65,ID,1651353072
409,Kudahuvadhoo,2.6708,72.8944,85.48,68,91,17.0,MV,1651353157
410,Meleuz,52.9667,55.9167,42.12,63,26,3.78,RU,1651353157
411,Saint-Ambroise,48.5501,-71.3324,47.5,63,97,6.02,CA,1651353158
412,Karachi,24.9056,67.0822,85.82,54,29,9.22,PK,1651353030
413,Yelizovo,53.1873,158.3805,37.54,64,40,7.0,RU,1651353158
414,Coquimbo,-29.9533,-71.3436,60.53,77,0,8.05,CL,1651353097
415,Port Moresby,-9.4431,147.1797,77.52,84,100,4.38,PG,1651353159
416,Altay,47.8667,88.1167,51.17,30,95,10.49,CN,1651353160
417,San Mateo del Mar,16.2,-95.0,84.36,69,14,14.85,MX,1651353160
418,Tanout,14.9709,8.8879,91.71,14,58,6.13,NE,1651353161
419,Santiago,-33.4569,-70.6483,73.29,33,0,12.66,CL,1651352889
420,Cabra,37.4725,-4.4421,62.65,41,19,4.5,ES,1651353161
421,Darnah,32.767,22.6367,62.4,71,41,8.99,LY,1651353162
422,Playas,-2.6333,-80.3833,76.78,79,27,12.86,EC,1651353162
423,Makīnsk,52.6292,70.4169,48.87,63,84,14.81,KZ,1651353163
424,Mt. Pleasant,32.7941,-79.8626,80.74,54,0,13.8,US,1651353163
425,Kutum,14.2,24.6667,80.15,13,56,6.85,SD,1651353164
426,Bajil,15.0584,43.2851,88.99,41,99,2.98,YE,1651353165
427,Evensk,61.95,159.2333,33.28,62,12,7.99,RU,1651353165
428,Santa Maria,-29.6842,-53.8069,60.69,87,98,5.3,BR,1651353023
429,Nsanje,-16.92,35.262,65.88,86,0,1.52,MW,1651353166
430,Kongoussi,13.3258,-1.5347,92.98,29,69,10.16,BF,1651353167
431,Hong Kong,22.2855,114.1577,76.32,87,100,15.01,HK,1651353168
432,Kadom,54.5592,42.4675,33.19,69,54,6.04,RU,1651353168
433,Port Macquarie,-31.4333,152.9167,59.9,87,6,8.88,AU,1651353169
434,Daşoguz,41.8363,59.9666,70.68,44,100,11.3,TM,1651353169
435,Erzin,36.9559,36.2,64.35,79,100,3.36,TR,1651353170
436,Millport,55.7535,-4.9256,52.32,93,100,11.34,GB,1651353170
437,Labuhan,-6.8844,112.2051,78.87,90,100,8.84,ID,1651353171
438,Dwārka,22.2394,68.9678,82.8,87,0,18.77,IN,1651353171
439,Coyhaique,-45.5752,-72.0662,49.95,71,75,6.91,CL,1651353172
440,Bereda,43.2686,-7.5406,52.14,97,11,2.51,ES,1651353172
441,Harper,4.375,-7.7169,81.09,79,100,7.02,LR,1651353173
442,Laas,46.6166,10.7002,44.37,96,99,3.76,IT,1651353173
443,Oodweyne,9.4092,45.064,78.46,54,98,1.88,SO,1651353174
444,Fare,-16.7,-151.0167,81.27,72,2,15.43,PF,1651353175
445,Atar,20.5169,-13.0499,84.92,10,37,7.2,MR,1651353175
446,Lufilufi,-13.8745,-171.5986,76.78,74,81,12.55,WS,1651353176
447,Malakal,9.5334,31.6605,87.6,44,43,7.54,SS,1651353176
448,Palana,59.1167,159.9667,28.8,73,13,1.77,RU,1651353177
449,Tezu,27.9167,96.1667,71.2,71,100,2.75,IN,1651353177
450,Sobolevo,54.4299,31.8996,37.65,67,28,2.35,RU,1651353178
451,Coahuayana Viejo,18.7333,-103.6833,87.39,40,53,8.75,MX,1651353179
452,Faya,18.3851,42.4509,63.12,37,43,12.19,SA,1651353179
453,Mudanjiang,44.5833,129.6,35.96,90,82,5.79,CN,1651353180
454,Oktyabr'skiy,54.4815,53.471,42.33,63,82,2.66,RU,1651353180
455,North Platte,41.1239,-100.7654,60.69,40,40,28.99,US,1651353181
456,San Joaquin,37.9333,-121.3011,80.67,33,0,18.41,US,1651353182
457,Venado Tuerto,-33.7456,-61.9688,56.1,40,61,6.02,AR,1651353182
458,Banatski Karlovac,45.0472,21.0161,58.6,73,1,8.93,RS,1651353183
459,Ribeira Brava,32.65,-17.0667,67.01,68,0,2.26,PT,1651353183
460,Vestmannaeyjar,63.4427,-20.2734,46.36,85,21,17.05,IS,1651353184
461,Ambilobe,-13.2,49.05,72.84,96,17,2.86,MG,1651353185
462,Sungai Penuh,-2.0833,101.3833,65.5,97,100,0.98,ID,1651353185
463,Capreol,46.706,-80.9225,62.55,21,100,5.01,CA,1651353186
464,Merritt,50.1123,-120.7942,47.86,84,100,0.89,CA,1651352960
465,Ikast,56.1388,9.1577,41.29,81,75,4.61,DK,1651353187
466,Meïganga,6.5167,14.3,67.55,95,100,3.06,CM,1651353187
467,Paamiut,61.994,-49.6678,33.04,94,77,14.14,GL,1651353188
468,Paracuru,-3.41,-39.0306,83.1,88,13,7.65,BR,1651353188
469,Siocon,7.7061,122.1353,78.57,87,90,4.21,PH,1651353189
470,Muravlenko,63.7898,74.523,26.29,78,13,19.42,RU,1651353190
471,Khilok,51.3674,110.4676,40.89,86,96,3.6,RU,1651353190
472,Remontnoye,46.5614,43.6501,56.95,42,100,11.36,RU,1651353191
473,Strezhevoy,60.7333,77.5889,25.63,77,0,2.01,RU,1651353192
474,Kinkala,-4.3614,14.7644,71.31,92,99,3.22,CG,1651353192
475,Camabatela,-8.1881,15.375,62.62,94,100,1.43,AO,1651353193
476,Conceição do Araguaia,-8.2578,-49.2647,78.33,74,99,3.2,BR,1651353194
477,Mayo,38.8876,-76.5119,71.73,34,0,10.36,US,1651353195
478,Walvis Bay,-22.9575,14.5053,57.09,83,0,8.14,NA,1651353195
479,Naze,28.3667,129.4833,62.87,72,100,13.33,JP,1651353196
480,Hūn,29.1268,15.9477,81.84,15,81,25.05,LY,1651353197
481,Keetmanshoop,-26.5833,18.1333,61.7,22,0,10.98,NA,1651353197
482,Prince Rupert,54.3161,-130.3201,55.08,52,88,4.9,CA,1651353198
483,Najrān,17.4924,44.1277,77.95,35,9,2.68,SA,1651353198
484,Yermish',54.7678,42.2711,31.86,70,28,6.17,RU,1651353199
485,Kavieng,-2.5744,150.7967,82.02,73,100,2.93,PG,1651353200
486,Sarkand,45.41,79.9186,63.36,24,100,7.16,KZ,1651353200
487,Minsk,53.9,27.5667,36.73,66,80,3.85,BY,1651353000
488,Vaasa,63.096,21.6158,38.28,87,0,4.61,FI,1651353201
489,Vetluga,57.8557,45.781,28.17,90,64,6.15,RU,1651353201
490,Vaitape,-16.5167,-151.75,81.21,72,7,14.99,PF,1651353202
491,Horní Jiřetín,50.5731,13.5472,52.75,68,99,2.57,CZ,1651353203
492,Iqaluit,63.7506,-68.5145,23.7,79,100,10.0,CA,1651353203
493,Fatezh,52.0891,35.8632,35.58,71,30,6.87,RU,1651353204
494,Fort Nelson,58.8053,-122.7002,41.43,84,88,7.7,CA,1651352960
495,Bilma,18.6853,12.9164,94.69,8,69,5.59,NE,1651353204
496,Lujiang,31.2581,117.2817,51.76,90,100,7.27,CN,1651353205
497,Chumikan,54.7183,135.315,30.06,92,100,1.39,RU,1651353206
498,Tuensang,26.2833,94.8333,62.89,97,99,1.3,IN,1651353206
499,Moanda,-1.5575,13.2178,71.46,89,76,1.79,GA,1651353207
500,Bhīmunipatnam,17.8833,83.4333,83.71,90,14,7.27,IN,1651353207
501,Xifeng,42.7372,124.7222,38.53,58,100,3.44,CN,1651353208
502,Utete,-7.986,38.758,72.16,89,78,2.59,TZ,1651353208
503,Talaya,61.3833,152.75,16.74,94,100,2.21,RU,1651353209
504,Salina,38.8403,-97.6114,69.93,35,0,29.93,US,1651352926
505,Petauke,-14.2426,31.3253,61.2,78,52,3.71,ZM,1651353209
506,Yar-Sale,66.8333,70.8333,15.35,89,27,10.16,RU,1651353210
507,Vanimo,-2.6741,141.3028,77.07,85,98,2.91,PG,1651353211
508,Kourou,5.1552,-52.6478,83.1,75,62,7.63,GF,1651353211
509,Anloga,5.7947,0.8973,83.12,75,26,11.74,GH,1651353212
510,Hasaki,35.7333,140.8333,46.8,61,100,10.2,JP,1651353212
511,Les Cayes,18.2,-73.75,80.2,71,93,5.61,HT,1651353213
512,Nouakchott,18.0858,-15.9785,70.61,63,7,14.92,MR,1651353213
513,Manicoré,-5.8092,-61.3003,79.56,85,62,1.34,BR,1651353214
514,Semīrom,31.4167,51.5667,47.17,82,23,4.29,IR,1651353214
515,Ayagoz,47.9714,80.4392,58.19,20,100,5.17,KZ,1651353215
516,Swan Hill,-35.3378,143.5544,51.4,76,6,4.59,AU,1651353215
517,Şinteu,47.15,22.4833,50.52,73,59,4.34,RO,1651353216
518,Traverse City,44.7631,-85.6206,60.91,51,100,11.5,US,1651352957
519,Tabligbo,6.5833,1.5,80.85,76,95,6.24,TG,1651353217
520,Fonte Boa,-2.4959,-66.2662,79.83,86,42,3.11,BR,1651353217
521,Kaihua,23.3687,104.28,56.46,87,100,10.89,CN,1651353218
522,Qasigiannguit,68.8193,-51.1922,25.05,80,3,5.99,GL,1651353218
523,Požega,45.3403,17.6853,56.77,85,34,3.87,HR,1651353219
524,Sitka,57.0531,-135.33,55.29,44,40,9.22,US,1651353220
525,Hinton,53.4001,-117.5857,39.6,92,100,3.65,CA,1651353221
526,West Wendover,40.7391,-114.0733,61.81,19,0,4.61,US,1651353221
527,Presidencia Roque Sáenz Peña,-26.7852,-60.4388,68.88,68,99,6.17,AR,1651353222
528,Miandrivazo,-19.5167,45.4667,73.33,83,13,1.52,MG,1651353222
529,Licheng,23.2955,113.8284,67.82,94,100,7.58,CN,1651353223
530,Berezovyy,51.6667,135.7,31.01,85,100,2.53,RU,1651353224
531,Tomatlán,19.9333,-105.25,90.12,28,99,9.01,MX,1651353224
532,Khasan,42.4308,130.6434,41.43,62,13,11.88,RU,1651353225
533,Taltal,-25.4,-70.4833,63.72,77,24,6.46,CL,1651352929
